iso3_o,iso3_d,contig
AGO,AGO,0
AGO,BDI,0
AGO,BEN,0
AGO,BFA,0
AGO,BWA,0
AGO,CAF,0
AGO,CIV,0
AGO,CMR,0
AGO,COD,1
AGO,COG,1
AGO,DJI,0
AGO,DZA,0
AGO,EGY,0
AGO,ERI,0
AGO,ESH,0
AGO,ETH,0
AGO,GAB,0
AGO,GHA,0
AGO,GIN,0
AGO,GMB,0
AGO,GNB,0
AGO,GNQ,0
AGO,KEN,0
AGO,LBR,0
AGO,LBY,0
AGO,LSO,0
AGO,MAR,0
AGO,MDG,0
AGO,MLI,0
AGO,MOZ,0
AGO,MRT,0
AGO,MWI,0
AGO,NAM,1
AGO,NER,0
AGO,NGA,0
AGO,RWA,0
AGO,SDN,0
AGO,SEN,0
AGO,SLE,0
AGO,SOM,0
AGO,SSD,0
AGO,SWZ,0
AGO,TCD,0
AGO,TGO,0
AGO,TUN,0
AGO,TZA,0
AGO,UGA,0
AGO,ZAF,0
AGO,ZMB,1
AGO,ZWE,0
BDI,AGO,0
BDI,BDI,0
BDI,BEN,0
BDI,BFA,0
BDI,BWA,0
BDI,CAF,0
BDI,CIV,0
BDI,CMR,0
BDI,COD,1
BDI,COG,0
BDI,DJI,0
BDI,DZA,0
BDI,EGY,0
BDI,ERI,0
BDI,ESH,0
BDI,ETH,0
BDI,GAB,0
BDI,GHA,0
BDI,GIN,0
BDI,GMB,0
BDI,GNB,0
BDI,GNQ,0
BDI,KEN,0
BDI,LBR,0
BDI,LBY,0
BDI,LSO,0
BDI,MAR,0
BDI,MDG,0
BDI,MLI,0
BDI,MOZ,0
BDI,MRT,0
BDI,MWI,0
BDI,NAM,0
BDI,NER,0
BDI,NGA,0
BDI,RWA,1
BDI,SDN,0
BDI,SEN,0
BDI,SLE,0
BDI,SOM,0
BDI,SSD,0
BDI,SWZ,0
BDI,TCD,0
BDI,TGO,0
BDI,TUN,0
BDI,TZA,1
BDI,UGA,0
BDI,ZAF,0
BDI,ZMB,0
BDI,ZWE,0
BEN,AGO,0
BEN,BDI,0
BEN,BEN,0
BEN,BFA,1
BEN,BWA,0
BEN,CAF,0
BEN,CIV,0
BEN,CMR,0
BEN,COD,0
BEN,COG,0
BEN,DJI,0
BEN,DZA,0
BEN,EGY,0
BEN,ERI,0
BEN,ESH,0
BEN,ETH,0
BEN,GAB,0
BEN,GHA,0
BEN,GIN,0
BEN,GMB,0
BEN,GNB,0
BEN,GNQ,0
BEN,KEN,0
BEN,LBR,0
BEN,LBY,0
BEN,LSO,0
BEN,MAR,0
BEN,MDG,0
BEN,MLI,0
BEN,MOZ,0
BEN,MRT,0
BEN,MWI,0
BEN,NAM,0
BEN,NER,1
BEN,NGA,1
BEN,RWA,0
BEN,SDN,0
BEN,SEN,0
BEN,SLE,0
BEN,SOM,0
BEN,SSD,0
BEN,SWZ,0
BEN,TCD,0
BEN,TGO,1
BEN,TUN,0
BEN,TZA,0
BEN,UGA,0
BEN,ZAF,0
BEN,ZMB,0
BEN,ZWE,0
BFA,AGO,0
BFA,BDI,0
BFA,BEN,1
BFA,BFA,0
BFA,BWA,0
BFA,CAF,0
BFA,CIV,1
BFA,CMR,0
BFA,COD,0
BFA,COG,0
BFA,DJI,0
BFA,DZA,0
BFA,EGY,0
BFA,ERI,0
BFA,ESH,0
BFA,ETH,0
BFA,GAB,0
BFA,GHA,1
BFA,GIN,0
BFA,GMB,0
BFA,GNB,0
BFA,GNQ,0
BFA,KEN,0
BFA,LBR,0
BFA,LBY,0
BFA,LSO,0
BFA,MAR,0
BFA,MDG,0
BFA,MLI,1
BFA,MOZ,0
BFA,MRT,0
BFA,MWI,0
BFA,NAM,0
BFA,NER,1
BFA,NGA,0
BFA,RWA,0
BFA,SDN,0
BFA,SEN,0
BFA,SLE,0
BFA,SOM,0
BFA,SSD,0
BFA,SWZ,0
BFA,TCD,0
BFA,TGO,1
BFA,TUN,0
BFA,TZA,0
BFA,UGA,0
BFA,ZAF,0
BFA,ZMB,0
BFA,ZWE,0
BWA,AGO,0
BWA,BDI,0
BWA,BEN,0
BWA,BFA,0
BWA,BWA,0
BWA,CAF,0
BWA,CIV,0
BWA,CMR,0
BWA,COD,0
BWA,COG,0
BWA,DJI,0
BWA,DZA,0
BWA,EGY,0
BWA,ERI,0
BWA,ESH,0
BWA,ETH,0
BWA,GAB,0
BWA,GHA,0
BWA,GIN,0
BWA,GMB,0
BWA,GNB,0
BWA,GNQ,0
BWA,KEN,0
BWA,LBR,0
BWA,LBY,0
BWA,LSO,0
BWA,MAR,0
BWA,MDG,0
BWA,MLI,0
BWA,MOZ,0
BWA,MRT,0
BWA,MWI,0
BWA,NAM,1
BWA,NER,0
BWA,NGA,0
BWA,RWA,0
BWA,SDN,0
BWA,SEN,0
BWA,SLE,0
BWA,SOM,0
BWA,SSD,0
BWA,SWZ,0
BWA,TCD,0
BWA,TGO,0
BWA,TUN,0
BWA,TZA,0
BWA,UGA,0
BWA,ZAF,1
BWA,ZMB,1
BWA,ZWE,1
CAF,AGO,0
CAF,BDI,0
CAF,BEN,0
CAF,BFA,0
CAF,BWA,0
CAF,CAF,0
CAF,CIV,0
CAF,CMR,1
CAF,COD,1
CAF,COG,1
CAF,DJI,0
CAF,DZA,0
CAF,EGY,0
CAF,ERI,0
CAF,ESH,0
CAF,ETH,0
CAF,GAB,0
CAF,GHA,0
CAF,GIN,0
CAF,GMB,0
CAF,GNB,0
CAF,GNQ,0
CAF,KEN,0
CAF,LBR,0
CAF,LBY,0
CAF,LSO,0
CAF,MAR,0
CAF,MDG,0
CAF,MLI,0
CAF,MOZ,0
CAF,MRT,0
CAF,MWI,0
CAF,NAM,0
CAF,NER,0
CAF,NGA,0
CAF,RWA,0
CAF,SDN,1
CAF,SEN,0
CAF,SLE,0
CAF,SOM,0
CAF,SSD,1
CAF,SWZ,0
CAF,TCD,1
CAF,TGO,0
CAF,TUN,0
CAF,TZA,0
CAF,UGA,0
CAF,ZAF,0
CAF,ZMB,0
CAF,ZWE,0
CIV,AGO,0
CIV,BDI,0
CIV,BEN,0
CIV,BFA,1
CIV,BWA,0
CIV,CAF,0
CIV,CIV,0
CIV,CMR,0
CIV,COD,0
CIV,COG,0
CIV,DJI,0
CIV,DZA,0
CIV,EGY,0
CIV,ERI,0
CIV,ESH,0
CIV,ETH,0
CIV,GAB,0
CIV,GHA,1
CIV,GIN,1
CIV,GMB,0
CIV,GNB,0
CIV,GNQ,0
CIV,KEN,0
CIV,LBR,1
CIV,LBY,0
CIV,LSO,0
CIV,MAR,0
CIV,MDG,0
CIV,MLI,1
CIV,MOZ,0
CIV,MRT,0
CIV,MWI,0
CIV,NAM,0
CIV,NER,0
CIV,NGA,0
CIV,RWA,0
CIV,SDN,0
CIV,SEN,0
CIV,SLE,0
CIV,SOM,0
CIV,SSD,0
CIV,SWZ,0
CIV,TCD,0
CIV,TGO,0
CIV,TUN,0
CIV,TZA,0
CIV,UGA,0
CIV,ZAF,0
CIV,ZMB,0
CIV,ZWE,0
CMR,AGO,0
CMR,BDI,0
CMR,BEN,0
CMR,BFA,0
CMR,BWA,0
CMR,CAF,1
CMR,CIV,0
CMR,CMR,0
CMR,COD,0
CMR,COG,1
CMR,DJI,0
CMR,DZA,0
CMR,EGY,0
CMR,ERI,0
CMR,ESH,0
CMR,ETH,0
CMR,GAB,1
CMR,GHA,0
CMR,GIN,0
CMR,GMB,0
CMR,GNB,0
CMR,GNQ,1
CMR,KEN,0
CMR,LBR,0
CMR,LBY,0
CMR,LSO,0
CMR,MAR,0
CMR,MDG,0
CMR,MLI,0
CMR,MOZ,0
CMR,MRT,0
CMR,MWI,0
CMR,NAM,0
CMR,NER,0
CMR,NGA,1
CMR,RWA,0
CMR,SDN,0
CMR,SEN,0
CMR,SLE,0
CMR,SOM,0
CMR,SSD,0
CMR,SWZ,0
CMR,TCD,1
CMR,TGO,0
CMR,TUN,0
CMR,TZA,0
CMR,UGA,0
CMR,ZAF,0
CMR,ZMB,0
CMR,ZWE,0
COD,AGO,1
COD,BDI,1
COD,BEN,0
COD,BFA,0
COD,BWA,0
COD,CAF,1
COD,CIV,0
COD,CMR,0
COD,COD,0
COD,COG,1
COD,DJI,0
COD,DZA,0
COD,EGY,0
COD,ERI,0
COD,ESH,0
COD,ETH,0
COD,GAB,0
COD,GHA,0
COD,GIN,0
COD,GMB,0
COD,GNB,0
COD,GNQ,0
COD,KEN,0
COD,LBR,0
COD,LBY,0
COD,LSO,0
COD,MAR,0
COD,MDG,0
COD,MLI,0
COD,MOZ,0
COD,MRT,0
COD,MWI,0
COD,NAM,0
COD,NER,0
COD,NGA,0
COD,RWA,1
COD,SDN,0
COD,SEN,0
COD,SLE,0
COD,SOM,0
COD,SSD,1
COD,SWZ,0
COD,TCD,0
COD,TGO,0
COD,TUN,0
COD,TZA,1
COD,UGA,1
COD,ZAF,0
COD,ZMB,1
COD,ZWE,0
COG,AGO,1
COG,BDI,0
COG,BEN,0
COG,BFA,0
COG,BWA,0
COG,CAF,1
COG,CIV,0
COG,CMR,1
COG,COD,1
COG,COG,0
COG,DJI,0
COG,DZA,0
COG,EGY,0
COG,ERI,0
COG,ESH,0
COG,ETH,0
COG,GAB,1
COG,GHA,0
COG,GIN,0
COG,GMB,0
COG,GNB,0
COG,GNQ,0
COG,KEN,0
COG,LBR,0
COG,LBY,0
COG,LSO,0
COG,MAR,0
COG,MDG,0
COG,MLI,0
COG,MOZ,0
COG,MRT,0
COG,MWI,0
COG,NAM,0
COG,NER,0
COG,NGA,0
COG,RWA,0
COG,SDN,0
COG,SEN,0
COG,SLE,0
COG,SOM,0
COG,SSD,0
COG,SWZ,0
COG,TCD,0
COG,TGO,0
COG,TUN,0
COG,TZA,0
COG,UGA,0
COG,ZAF,0
COG,ZMB,0
COG,ZWE,0
DJI,AGO,0
DJI,BDI,0
DJI,BEN,0
DJI,BFA,0
DJI,BWA,0
DJI,CAF,0
DJI,CIV,0
DJI,CMR,0
DJI,COD,0
DJI,COG,0
DJI,DJI,0
DJI,DZA,0
DJI,EGY,0
DJI,ERI,1
DJI,ESH,0
DJI,ETH,1
DJI,GAB,0
DJI,GHA,0
DJI,GIN,0
DJI,GMB,0
DJI,GNB,0
DJI,GNQ,0
DJI,KEN,0
DJI,LBR,0
DJI,LBY,0
DJI,LSO,0
DJI,MAR,0
DJI,MDG,0
DJI,MLI,0
DJI,MOZ,0
DJI,MRT,0
DJI,MWI,0
DJI,NAM,0
DJI,NER,0
DJI,NGA,0
DJI,RWA,0
DJI,SDN,0
DJI,SEN,0
DJI,SLE,0
DJI,SOM,1
DJI,SSD,0
DJI,SWZ,0
DJI,TCD,0
DJI,TGO,0
DJI,TUN,0
DJI,TZA,0
DJI,UGA,0
DJI,ZAF,0
DJI,ZMB,0
DJI,ZWE,0
DZA,AGO,0
DZA,BDI,0
DZA,BEN,0
DZA,BFA,0
DZA,BWA,0
DZA,CAF,0
DZA,CIV,0
DZA,CMR,0
DZA,COD,0
DZA,COG,0
DZA,DJI,0
DZA,DZA,0
DZA,EGY,0
DZA,ERI,0
DZA,ESH,1
DZA,ETH,0
DZA,GAB,0
DZA,GHA,0
DZA,GIN,0
DZA,GMB,0
DZA,GNB,0
DZA,GNQ,0
DZA,KEN,0
DZA,LBR,0
DZA,LBY,1
DZA,LSO,0
DZA,MAR,1
DZA,MDG,0
DZA,MLI,1
DZA,MOZ,0
DZA,MRT,1
DZA,MWI,0
DZA,NAM,0
DZA,NER,1
DZA,NGA,0
DZA,RWA,0
DZA,SDN,0
DZA,SEN,0
DZA,SLE,0
DZA,SOM,0
DZA,SSD,0
DZA,SWZ,0
DZA,TCD,0
DZA,TGO,0
DZA,TUN,1
DZA,TZA,0
DZA,UGA,0
DZA,ZAF,0
DZA,ZMB,0
DZA,ZWE,0
EGY,AGO,0
EGY,BDI,0
EGY,BEN,0
EGY,BFA,0
EGY,BWA,0
EGY,CAF,0
EGY,CIV,0
EGY,CMR,0
EGY,COD,0
EGY,COG,0
EGY,DJI,0
EGY,DZA,0
EGY,EGY,0
EGY,ERI,0
EGY,ESH,0
EGY,ETH,0
EGY,GAB,0
EGY,GHA,0
EGY,GIN,0
EGY,GMB,0
EGY,GNB,0
EGY,GNQ,0
EGY,KEN,0
EGY,LBR,0
EGY,LBY,1
EGY,LSO,0
EGY,MAR,0
EGY,MDG,0
EGY,MLI,0
EGY,MOZ,0
EGY,MRT,0
EGY,MWI,0
EGY,NAM,0
EGY,NER,0
EGY,NGA,0
EGY,RWA,0
EGY,SDN,1
EGY,SEN,0
EGY,SLE,0
EGY,SOM,0
EGY,SSD,0
EGY,SWZ,0
EGY,TCD,0
EGY,TGO,0
EGY,TUN,0
EGY,TZA,0
EGY,UGA,0
EGY,ZAF,0
EGY,ZMB,0
EGY,ZWE,0
ERI,AGO,0
ERI,BDI,0
ERI,BEN,0
ERI,BFA,0
ERI,BWA,0
ERI,CAF,0
ERI,CIV,0
ERI,CMR,0
ERI,COD,0
ERI,COG,0
ERI,DJI,1
ERI,DZA,0
ERI,EGY,0
ERI,ERI,0
ERI,ESH,0
ERI,ETH,1
ERI,GAB,0
ERI,GHA,0
ERI,GIN,0
ERI,GMB,0
ERI,GNB,0
ERI,GNQ,0
ERI,KEN,0
ERI,LBR,0
ERI,LBY,0
ERI,LSO,0
ERI,MAR,0
ERI,MDG,0
ERI,MLI,0
ERI,MOZ,0
ERI,MRT,0
ERI,MWI,0
ERI,NAM,0
ERI,NER,0
ERI,NGA,0
ERI,RWA,0
ERI,SDN,1
ERI,SEN,0
ERI,SLE,0
ERI,SOM,0
ERI,SSD,0
ERI,SWZ,0
ERI,TCD,0
ERI,TGO,0
ERI,TUN,0
ERI,TZA,0
ERI,UGA,0
ERI,ZAF,0
ERI,ZMB,0
ERI,ZWE,0
ESH,AGO,0
ESH,BDI,0
ESH,BEN,0
ESH,BFA,0
ESH,BWA,0
ESH,CAF,0
ESH,CIV,0
ESH,CMR,0
ESH,COD,0
ESH,COG,0
ESH,DJI,0
ESH,DZA,1
ESH,EGY,0
ESH,ERI,0
ESH,ESH,0
ESH,ETH,0
ESH,GAB,0
ESH,GHA,0
ESH,GIN,0
ESH,GMB,0
ESH,GNB,0
ESH,GNQ,0
ESH,KEN,0
ESH,LBR,0
ESH,LBY,0
ESH,LSO,0
ESH,MAR,1
ESH,MDG,0
ESH,MLI,0
ESH,MOZ,0
ESH,MRT,1
ESH,MWI,0
ESH,NAM,0
ESH,NER,0
ESH,NGA,0
ESH,RWA,0
ESH,SDN,0
ESH,SEN,0
ESH,SLE,0
ESH,SOM,0
ESH,SSD,0
ESH,SWZ,0
ESH,TCD,0
ESH,TGO,0
ESH,TUN,0
ESH,TZA,0
ESH,UGA,0
ESH,ZAF,0
ESH,ZMB,0
ESH,ZWE,0
ETH,AGO,0
ETH,BDI,0
ETH,BEN,0
ETH,BFA,0
ETH,BWA,0
ETH,CAF,0
ETH,CIV,0
ETH,CMR,0
ETH,COD,0
ETH,COG,0
ETH,DJI,1
ETH,DZA,0
ETH,EGY,0
ETH,ERI,1
ETH,ESH,0
ETH,ETH,0
ETH,GAB,0
ETH,GHA,0
ETH,GIN,0
ETH,GMB,0
ETH,GNB,0
ETH,GNQ,0
ETH,KEN,1
ETH,LBR,0
ETH,LBY,0
ETH,LSO,0
ETH,MAR,0
ETH,MDG,0
ETH,MLI,0
ETH,MOZ,0
ETH,MRT,0
ETH,MWI,0
ETH,NAM,0
ETH,NER,0
ETH,NGA,0
ETH,RWA,0
ETH,SDN,1
ETH,SEN,0
ETH,SLE,0
ETH,SOM,1
ETH,SSD,1
ETH,SWZ,0
ETH,TCD,0
ETH,TGO,0
ETH,TUN,0
ETH,TZA,0
ETH,UGA,0
ETH,ZAF,0
ETH,ZMB,0
ETH,ZWE,0
GAB,AGO,0
GAB,BDI,0
GAB,BEN,0
GAB,BFA,0
GAB,BWA,0
GAB,CAF,0
GAB,CIV,0
GAB,CMR,1
GAB,COD,0
GAB,COG,1
GAB,DJI,0
GAB,DZA,0
GAB,EGY,0
GAB,ERI,0
GAB,ESH,0
GAB,ETH,0
GAB,GAB,0
GAB,GHA,0
GAB,GIN,0
GAB,GMB,0
GAB,GNB,0
GAB,GNQ,1
GAB,KEN,0
GAB,LBR,0
GAB,LBY,0
GAB,LSO,0
GAB,MAR,0
GAB,MDG,0
GAB,MLI,0
GAB,MOZ,0
GAB,MRT,0
GAB,MWI,0
GAB,NAM,0
GAB,NER,0
GAB,NGA,0
GAB,RWA,0
GAB,SDN,0
GAB,SEN,0
GAB,SLE,0
GAB,SOM,0
GAB,SSD,0
GAB,SWZ,0
GAB,TCD,0
GAB,TGO,0
GAB,TUN,0
GAB,TZA,0
GAB,UGA,0
GAB,ZAF,0
GAB,ZMB,0
GAB,ZWE,0
GHA,AGO,0
GHA,BDI,0
GHA,BEN,0
GHA,BFA,1
GHA,BWA,0
GHA,CAF,0
GHA,CIV,1
GHA,CMR,0
GHA,COD,0
GHA,COG,0
GHA,DJI,0
GHA,DZA,0
GHA,EGY,0
GHA,ERI,0
GHA,ESH,0
GHA,ETH,0
GHA,GAB,0
GHA,GHA,0
GHA,GIN,0
GHA,GMB,0
GHA,GNB,0
GHA,GNQ,0
GHA,KEN,0
GHA,LBR,0
GHA,LBY,0
GHA,LSO,0
GHA,MAR,0
GHA,MDG,0
GHA,MLI,0
GHA,MOZ,0
GHA,MRT,0
GHA,MWI,0
GHA,NAM,0
GHA,NER,0
GHA,NGA,0
GHA,RWA,0
GHA,SDN,0
GHA,SEN,0
GHA,SLE,0
GHA,SOM,0
GHA,SSD,0
GHA,SWZ,0
GHA,TCD,0
GHA,TGO,1
GHA,TUN,0
GHA,TZA,0
GHA,UGA,0
GHA,ZAF,0
GHA,ZMB,0
GHA,ZWE,0
GIN,AGO,0
GIN,BDI,0
GIN,BEN,0
GIN,BFA,0
GIN,BWA,0
GIN,CAF,0
GIN,CIV,1
GIN,CMR,0
GIN,COD,0
GIN,COG,0
GIN,DJI,0
GIN,DZA,0
GIN,EGY,0
GIN,ERI,0
GIN,ESH,0
GIN,ETH,0
GIN,GAB,0
GIN,GHA,0
GIN,GIN,0
GIN,GMB,0
GIN,GNB,1
GIN,GNQ,0
GIN,KEN,0
GIN,LBR,1
GIN,LBY,0
GIN,LSO,0
GIN,MAR,0
GIN,MDG,0
GIN,MLI,1
GIN,MOZ,0
GIN,MRT,0
GIN,MWI,0
GIN,NAM,0
GIN,NER,0
GIN,NGA,0
GIN,RWA,0
GIN,SDN,0
GIN,SEN,1
GIN,SLE,1
GIN,SOM,0
GIN,SSD,0
GIN,SWZ,0
GIN,TCD,0
GIN,TGO,0
GIN,TUN,0
GIN,TZA,0
GIN,UGA,0
GIN,ZAF,0
GIN,ZMB,0
GIN,ZWE,0
GMB,AGO,0
GMB,BDI,0
GMB,BEN,0
GMB,BFA,0
GMB,BWA,0
GMB,CAF,0
GMB,CIV,0
GMB,CMR,0
GMB,COD,0
GMB,COG,0
GMB,DJI,0
GMB,DZA,0
GMB,EGY,0
GMB,ERI,0
GMB,ESH,0
GMB,ETH,0
GMB,GAB,0
GMB,GHA,0
GMB,GIN,0
GMB,GMB,0
GMB,GNB,0
GMB,GNQ,0
GMB,KEN,0
GMB,LBR,0
GMB,LBY,0
GMB,LSO,0
GMB,MAR,0
GMB,MDG,0
GMB,MLI,0
GMB,MOZ,0
GMB,MRT,0
GMB,MWI,0
GMB,NAM,0
GMB,NER,0
GMB,NGA,0
GMB,RWA,0
GMB,SDN,0
GMB,SEN,1
GMB,SLE,0
GMB,SOM,0
GMB,SSD,0
GMB,SWZ,0
GMB,TCD,0
GMB,TGO,0
GMB,TUN,0
GMB,TZA,0
GMB,UGA,0
GMB,ZAF,0
GMB,ZMB,0
GMB,ZWE,0
GNB,AGO,0
GNB,BDI,0
GNB,BEN,0
GNB,BFA,0
GNB,BWA,0
GNB,CAF,0
GNB,CIV,0
GNB,CMR,0
GNB,COD,0
GNB,COG,0
GNB,DJI,0
GNB,DZA,0
GNB,EGY,0
GNB,ERI,0
GNB,ESH,0
GNB,ETH,0
GNB,GAB,0
GNB,GHA,0
GNB,GIN,1
GNB,GMB,0
GNB,GNB,0
GNB,GNQ,0
GNB,KEN,0
GNB,LBR,0
GNB,LBY,0
GNB,LSO,0
GNB,MAR,0
GNB,MDG,0
GNB,MLI,0
GNB,MOZ,0
GNB,MRT,0
GNB,MWI,0
GNB,NAM,0
GNB,NER,0
GNB,NGA,0
GNB,RWA,0
GNB,SDN,0
GNB,SEN,1
GNB,SLE,0
GNB,SOM,0
GNB,SSD,0
GNB,SWZ,0
GNB,TCD,0
GNB,TGO,0
GNB,TUN,0
GNB,TZA,0
GNB,UGA,0
GNB,ZAF,0
GNB,ZMB,0
GNB,ZWE,0
GNQ,AGO,0
GNQ,BDI,0
GNQ,BEN,0
GNQ,BFA,0
GNQ,BWA,0
GNQ,CAF,0
GNQ,CIV,0
GNQ,CMR,1
GNQ,COD,0
GNQ,COG,0
GNQ,DJI,0
GNQ,DZA,0
GNQ,EGY,0
GNQ,ERI,0
GNQ,ESH,0
GNQ,ETH,0
GNQ,GAB,1
GNQ,GHA,0
GNQ,GIN,0
GNQ,GMB,0
GNQ,GNB,0
GNQ,GNQ,0
GNQ,KEN,0
GNQ,LBR,0
GNQ,LBY,0
GNQ,LSO,0
GNQ,MAR,0
GNQ,MDG,0
GNQ,MLI,0
GNQ,MOZ,0
GNQ,MRT,0
GNQ,MWI,0
GNQ,NAM,0
GNQ,NER,0
GNQ,NGA,0
GNQ,RWA,0
GNQ,SDN,0
GNQ,SEN,0
GNQ,SLE,0
GNQ,SOM,0
GNQ,SSD,0
GNQ,SWZ,0
GNQ,TCD,0
GNQ,TGO,0
GNQ,TUN,0
GNQ,TZA,0
GNQ,UGA,0
GNQ,ZAF,0
GNQ,ZMB,0
GNQ,ZWE,0
KEN,AGO,0
KEN,BDI,0
KEN,BEN,0
KEN,BFA,0
KEN,BWA,0
KEN,CAF,0
KEN,CIV,0
KEN,CMR,0
KEN,COD,0
KEN,COG,0
KEN,DJI,0
KEN,DZA,0
KEN,EGY,0
KEN,ERI,0
KEN,ESH,0
KEN,ETH,1
KEN,GAB,0
KEN,GHA,0
KEN,GIN,0
KEN,GMB,0
KEN,GNB,0
KEN,GNQ,0
KEN,KEN,0
KEN,LBR,0
KEN,LBY,0
KEN,LSO,0
KEN,MAR,0
KEN,MDG,0
KEN,MLI,0
KEN,MOZ,0
KEN,MRT,0
KEN,MWI,0
KEN,NAM,0
KEN,NER,0
KEN,NGA,0
KEN,RWA,0
KEN,SDN,0
KEN,SEN,0
KEN,SLE,0
KEN,SOM,1
KEN,SSD,1
KEN,SWZ,0
KEN,TCD,0
KEN,TGO,0
KEN,TUN,0
KEN,TZA,1
KEN,UGA,1
KEN,ZAF,0
KEN,ZMB,0
KEN,ZWE,0
LBR,AGO,0
LBR,BDI,0
LBR,BEN,0
LBR,BFA,0
LBR,BWA,0
LBR,CAF,0
LBR,CIV,1
LBR,CMR,0
LBR,COD,0
LBR,COG,0
LBR,DJI,0
LBR,DZA,0
LBR,EGY,0
LBR,ERI,0
LBR,ESH,0
LBR,ETH,0
LBR,GAB,0
LBR,GHA,0
LBR,GIN,1
LBR,GMB,0
LBR,GNB,0
LBR,GNQ,0
LBR,KEN,0
LBR,LBR,0
LBR,LBY,0
LBR,LSO,0
LBR,MAR,0
LBR,MDG,0
LBR,MLI,0
LBR,MOZ,0
LBR,MRT,0
LBR,MWI,0
LBR,NAM,0
LBR,NER,0
LBR,NGA,0
LBR,RWA,0
LBR,SDN,0
LBR,SEN,0
LBR,SLE,1
LBR,SOM,0
LBR,SSD,0
LBR,SWZ,0
LBR,TCD,0
LBR,TGO,0
LBR,TUN,0
LBR,TZA,0
LBR,UGA,0
LBR,ZAF,0
LBR,ZMB,0
LBR,ZWE,0
LBY,AGO,0
LBY,BDI,0
LBY,BEN,0
LBY,BFA,0
LBY,BWA,0
LBY,CAF,0
LBY,CIV,0
LBY,CMR,0
LBY,COD,0
LBY,COG,0
LBY,DJI,0
LBY,DZA,1
LBY,EGY,1
LBY,ERI,0
LBY,ESH,0
LBY,ETH,0
LBY,GAB,0
LBY,GHA,0
LBY,GIN,0
LBY,GMB,0
LBY,GNB,0
LBY,GNQ,0
LBY,KEN,0
LBY,LBR,0
LBY,LBY,0
LBY,LSO,0
LBY,MAR,0
LBY,MDG,0
LBY,MLI,0
LBY,MOZ,0
LBY,MRT,0
LBY,MWI,0
LBY,NAM,0
LBY,NER,1
LBY,NGA,0
LBY,RWA,0
LBY,SDN,1
LBY,SEN,0
LBY,SLE,0
LBY,SOM,0
LBY,SSD,0
LBY,SWZ,0
LBY,TCD,1
LBY,TGO,0
LBY,TUN,1
LBY,TZA,0
LBY,UGA,0
LBY,ZAF,0
LBY,ZMB,0
LBY,ZWE,0
LSO,AGO,0
LSO,BDI,0
LSO,BEN,0
LSO,BFA,0
LSO,BWA,0
LSO,CAF,0
LSO,CIV,0
LSO,CMR,0
LSO,COD,0
LSO,COG,0
LSO,DJI,0
LSO,DZA,0
LSO,EGY,0
LSO,ERI,0
LSO,ESH,0
LSO,ETH,0
LSO,GAB,0
LSO,GHA,0
LSO,GIN,0
LSO,GMB,0
LSO,GNB,0
LSO,GNQ,0
LSO,KEN,0
LSO,LBR,0
LSO,LBY,0
LSO,LSO,0
LSO,MAR,0
LSO,MDG,0
LSO,MLI,0
LSO,MOZ,0
LSO,MRT,0
LSO,MWI,0
LSO,NAM,0
LSO,NER,0
LSO,NGA,0
LSO,RWA,0
LSO,SDN,0
LSO,SEN,0
LSO,SLE,0
LSO,SOM,0
LSO,SSD,0
LSO,SWZ,0
LSO,TCD,0
LSO,TGO,0
LSO,TUN,0
LSO,TZA,0
LSO,UGA,0
LSO,ZAF,1
LSO,ZMB,0
LSO,ZWE,0
MAR,AGO,0
MAR,BDI,0
MAR,BEN,0
MAR,BFA,0
MAR,BWA,0
MAR,CAF,0
MAR,CIV,0
MAR,CMR,0
MAR,COD,0
MAR,COG,0
MAR,DJI,0
MAR,DZA,1
MAR,EGY,0
MAR,ERI,0
MAR,ESH,1
MAR,ETH,0
MAR,GAB,0
MAR,GHA,0
MAR,GIN,0
MAR,GMB,0
MAR,GNB,0
MAR,GNQ,0
MAR,KEN,0
MAR,LBR,0
MAR,LBY,0
MAR,LSO,0
MAR,MAR,0
MAR,MDG,0
MAR,MLI,0
MAR,MOZ,0
MAR,MRT,1
MAR,MWI,0
MAR,NAM,0
MAR,NER,0
MAR,NGA,0
MAR,RWA,0
MAR,SDN,0
MAR,SEN,0
MAR,SLE,0
MAR,SOM,0
MAR,SSD,0
MAR,SWZ,0
MAR,TCD,0
MAR,TGO,0
MAR,TUN,0
MAR,TZA,0
MAR,UGA,0
MAR,ZAF,0
MAR,ZMB,0
MAR,ZWE,0
MDG,AGO,0
MDG,BDI,0
MDG,BEN,0
MDG,BFA,0
MDG,BWA,0
MDG,CAF,0
MDG,CIV,0
MDG,CMR,0
MDG,COD,0
MDG,COG,0
MDG,DJI,0
MDG,DZA,0
MDG,EGY,0
MDG,ERI,0
MDG,ESH,0
MDG,ETH,0
MDG,GAB,0
MDG,GHA,0
MDG,GIN,0
MDG,GMB,0
MDG,GNB,0
MDG,GNQ,0
MDG,KEN,0
MDG,LBR,0
MDG,LBY,0
MDG,LSO,0
MDG,MAR,0
MDG,MDG,0
MDG,MLI,0
MDG,MOZ,0
MDG,MRT,0
MDG,MWI,0
MDG,NAM,0
MDG,NER,0
MDG,NGA,0
MDG,RWA,0
MDG,SDN,0
MDG,SEN,0
MDG,SLE,0
MDG,SOM,0
MDG,SSD,0
MDG,SWZ,0
MDG,TCD,0
MDG,TGO,0
MDG,TUN,0
MDG,TZA,0
MDG,UGA,0
MDG,ZAF,0
MDG,ZMB,0
MDG,ZWE,0
MLI,AGO,0
MLI,BDI,0
MLI,BEN,0
MLI,BFA,1
MLI,BWA,0
MLI,CAF,0
MLI,CIV,1
MLI,CMR,0
MLI,COD,0
MLI,COG,0
MLI,DJI,0
MLI,DZA,1
MLI,EGY,0
MLI,ERI,0
MLI,ESH,0
MLI,ETH,0
MLI,GAB,0
MLI,GHA,0
MLI,GIN,1
MLI,GMB,0
MLI,GNB,0
MLI,GNQ,0
MLI,KEN,0
MLI,LBR,0
MLI,LBY,0
MLI,LSO,0
MLI,MAR,0
MLI,MDG,0
MLI,MLI,0
MLI,MOZ,0
MLI,MRT,1
MLI,MWI,0
MLI,NAM,0
MLI,NER,1
MLI,NGA,0
MLI,RWA,0
MLI,SDN,0
MLI,SEN,1
MLI,SLE,0
MLI,SOM,0
MLI,SSD,0
MLI,SWZ,0
MLI,TCD,0
MLI,TGO,0
MLI,TUN,0
MLI,TZA,0
MLI,UGA,0
MLI,ZAF,0
MLI,ZMB,0
MLI,ZWE,0
MOZ,AGO,0
MOZ,BDI,0
MOZ,BEN,0
MOZ,BFA,0
MOZ,BWA,0
MOZ,CAF,0
MOZ,CIV,0
MOZ,CMR,0
MOZ,COD,0
MOZ,COG,0
MOZ,DJI,0
MOZ,DZA,0
MOZ,EGY,0
MOZ,ERI,0
MOZ,ESH,0
MOZ,ETH,0
MOZ,GAB,0
MOZ,GHA,0
MOZ,GIN,0
MOZ,GMB,0
MOZ,GNB,0
MOZ,GNQ,0
MOZ,KEN,0
MOZ,LBR,0
MOZ,LBY,0
MOZ,LSO,0
MOZ,MAR,0
MOZ,MDG,0
MOZ,MLI,0
MOZ,MOZ,0
MOZ,MRT,0
MOZ,MWI,1
MOZ,NAM,0
MOZ,NER,0
MOZ,NGA,0
MOZ,RWA,0
MOZ,SDN,0
MOZ,SEN,0
MOZ,SLE,0
MOZ,SOM,0
MOZ,SSD,0
MOZ,SWZ,1
MOZ,TCD,0
MOZ,TGO,0
MOZ,TUN,0
MOZ,TZA,1
MOZ,UGA,0
MOZ,ZAF,1
MOZ,ZMB,1
MOZ,ZWE,1
MRT,AGO,0
MRT,BDI,0
MRT,BEN,0
MRT,BFA,0
MRT,BWA,0
MRT,CAF,0
MRT,CIV,0
MRT,CMR,0
MRT,COD,0
MRT,COG,0
MRT,DJI,0
MRT,DZA,1
MRT,EGY,0
MRT,ERI,0
MRT,ESH,1
MRT,ETH,0
MRT,GAB,0
MRT,GHA,0
MRT,GIN,0
MRT,GMB,0
MRT,GNB,0
MRT,GNQ,0
MRT,KEN,0
MRT,LBR,0
MRT,LBY,0
MRT,LSO,0
MRT,MAR,1
MRT,MDG,0
MRT,MLI,1
MRT,MOZ,0
MRT,MRT,0
MRT,MWI,0
MRT,NAM,0
MRT,NER,0
MRT,NGA,0
MRT,RWA,0
MRT,SDN,0
MRT,SEN,1
MRT,SLE,0
MRT,SOM,0
MRT,SSD,0
MRT,SWZ,0
MRT,TCD,0
MRT,TGO,0
MRT,TUN,0
MRT,TZA,0
MRT,UGA,0
MRT,ZAF,0
MRT,ZMB,0
MRT,ZWE,0
MWI,AGO,0
MWI,BDI,0
MWI,BEN,0
MWI,BFA,0
MWI,BWA,0
MWI,CAF,0
MWI,CIV,0
MWI,CMR,0
MWI,COD,0
MWI,COG,0
MWI,DJI,0
MWI,DZA,0
MWI,EGY,0
MWI,ERI,0
MWI,ESH,0
MWI,ETH,0
MWI,GAB,0
MWI,GHA,0
MWI,GIN,0
MWI,GMB,0
MWI,GNB,0
MWI,GNQ,0
MWI,KEN,0
MWI,LBR,0
MWI,LBY,0
MWI,LSO,0
MWI,MAR,0
MWI,MDG,0
MWI,MLI,0
MWI,MOZ,1
MWI,MRT,0
MWI,MWI,0
MWI,NAM,0
MWI,NER,0
MWI,NGA,0
MWI,RWA,0
MWI,SDN,0
MWI,SEN,0
MWI,SLE,0
MWI,SOM,0
MWI,SSD,0
MWI,SWZ,0
MWI,TCD,0
MWI,TGO,0
MWI,TUN,0
MWI,TZA,1
MWI,UGA,0
MWI,ZAF,0
MWI,ZMB,1
MWI,ZWE,0
NAM,AGO,1
NAM,BDI,0
NAM,BEN,0
NAM,BFA,0
NAM,BWA,1
NAM,CAF,0
NAM,CIV,0
NAM,CMR,0
NAM,COD,0
NAM,COG,0
NAM,DJI,0
NAM,DZA,0
NAM,EGY,0
NAM,ERI,0
NAM,ESH,0
NAM,ETH,0
NAM,GAB,0
NAM,GHA,0
NAM,GIN,0
NAM,GMB,0
NAM,GNB,0
NAM,GNQ,0
NAM,KEN,0
NAM,LBR,0
NAM,LBY,0
NAM,LSO,0
NAM,MAR,0
NAM,MDG,0
NAM,MLI,0
NAM,MOZ,0
NAM,MRT,0
NAM,MWI,0
NAM,NAM,0
NAM,NER,0
NAM,NGA,0
NAM,RWA,0
NAM,SDN,0
NAM,SEN,0
NAM,SLE,0
NAM,SOM,0
NAM,SSD,0
NAM,SWZ,0
NAM,TCD,0
NAM,TGO,0
NAM,TUN,0
NAM,TZA,0
NAM,UGA,0
NAM,ZAF,1
NAM,ZMB,1
NAM,ZWE,1
NER,AGO,0
NER,BDI,0
NER,BEN,1
NER,BFA,1
NER,BWA,0
NER,CAF,0
NER,CIV,0
NER,CMR,0
NER,COD,0
NER,COG,0
NER,DJI,0
NER,DZA,1
NER,EGY,0
NER,ERI,0
NER,ESH,0
NER,ETH,0
NER,GAB,0
NER,GHA,0
NER,GIN,0
NER,GMB,0
NER,GNB,0
NER,GNQ,0
NER,KEN,0
NER,LBR,0
NER,LBY,1
NER,LSO,0
NER,MAR,0
NER,MDG,0
NER,MLI,1
NER,MOZ,0
NER,MRT,0
NER,MWI,0
NER,NAM,0
NER,NER,0
NER,NGA,1
NER,RWA,0
NER,SDN,0
NER,SEN,0
NER,SLE,0
NER,SOM,0
NER,SSD,0
NER,SWZ,0
NER,TCD,1
NER,TGO,0
NER,TUN,0
NER,TZA,0
NER,UGA,0
NER,ZAF,0
NER,ZMB,0
NER,ZWE,0
NGA,AGO,0
NGA,BDI,0
NGA,BEN,1
NGA,BFA,0
NGA,BWA,0
NGA,CAF,0
NGA,CIV,0
NGA,CMR,1
NGA,COD,0
NGA,COG,0
NGA,DJI,0
NGA,DZA,0
NGA,EGY,0
NGA,ERI,0
NGA,ESH,0
NGA,ETH,0
NGA,GAB,0
NGA,GHA,0
NGA,GIN,0
NGA,GMB,0
NGA,GNB,0
NGA,GNQ,0
NGA,KEN,0
NGA,LBR,0
NGA,LBY,0
NGA,LSO,0
NGA,MAR,0
NGA,MDG,0
NGA,MLI,0
NGA,MOZ,0
NGA,MRT,0
NGA,MWI,0
NGA,NAM,0
NGA,NER,1
NGA,NGA,0
NGA,RWA,0
NGA,SDN,0
NGA,SEN,0
NGA,SLE,0
NGA,SOM,0
NGA,SSD,0
NGA,SWZ,0
NGA,TCD,1
NGA,TGO,0
NGA,TUN,0
NGA,TZA,0
NGA,UGA,0
NGA,ZAF,0
NGA,ZMB,0
NGA,ZWE,0
RWA,AGO,0
RWA,BDI,1
RWA,BEN,0
RWA,BFA,0
RWA,BWA,0
RWA,CAF,0
RWA,CIV,0
RWA,CMR,0
RWA,COD,1
RWA,COG,0
RWA,DJI,0
RWA,DZA,0
RWA,EGY,0
RWA,ERI,0
RWA,ESH,0
RWA,ETH,0
RWA,GAB,0
RWA,GHA,0
RWA,GIN,0
RWA,GMB,0
RWA,GNB,0
RWA,GNQ,0
RWA,KEN,0
RWA,LBR,0
RWA,LBY,0
RWA,LSO,0
RWA,MAR,0
RWA,MDG,0
RWA,MLI,0
RWA,MOZ,0
RWA,MRT,0
RWA,MWI,0
RWA,NAM,0
RWA,NER,0
RWA,NGA,0
RWA,RWA,0
RWA,SDN,0
RWA,SEN,0
RWA,SLE,0
RWA,SOM,0
RWA,SSD,0
RWA,SWZ,0
RWA,TCD,0
RWA,TGO,0
RWA,TUN,0
RWA,TZA,1
RWA,UGA,1
RWA,ZAF,0
RWA,ZMB,0
RWA,ZWE,0
SDN,AGO,0
SDN,BDI,0
SDN,BEN,0
SDN,BFA,0
SDN,BWA,0
SDN,CAF,1
SDN,CIV,0
SDN,CMR,0
SDN,COD,0
SDN,COG,0
SDN,DJI,0
SDN,DZA,0
SDN,EGY,1
SDN,ERI,1
SDN,ESH,0
SDN,ETH,1
SDN,GAB,0
SDN,GHA,0
SDN,GIN,0
SDN,GMB,0
SDN,GNB,0
SDN,GNQ,0
SDN,KEN,0
SDN,LBR,0
SDN,LBY,1
SDN,LSO,0
SDN,MAR,0
SDN,MDG,0
SDN,MLI,0
SDN,MOZ,0
SDN,MRT,0
SDN,MWI,0
SDN,NAM,0
SDN,NER,0
SDN,NGA,0
SDN,RWA,0
SDN,SDN,0
SDN,SEN,0
SDN,SLE,0
SDN,SOM,0
SDN,SSD,1
SDN,SWZ,0
SDN,TCD,1
SDN,TGO,0
SDN,TUN,0
SDN,TZA,0
SDN,UGA,0
SDN,ZAF,0
SDN,ZMB,0
SDN,ZWE,0
SEN,AGO,0
SEN,BDI,0
SEN,BEN,0
SEN,BFA,0
SEN,BWA,0
SEN,CAF,0
SEN,CIV,0
SEN,CMR,0
SEN,COD,0
SEN,COG,0
SEN,DJI,0
SEN,DZA,0
SEN,EGY,0
SEN,ERI,0
SEN,ESH,0
SEN,ETH,0
SEN,GAB,0
SEN,GHA,0
SEN,GIN,1
SEN,GMB,1
SEN,GNB,1
SEN,GNQ,0
SEN,KEN,0
SEN,LBR,0
SEN,LBY,0
SEN,LSO,0
SEN,MAR,0
SEN,MDG,0
SEN,MLI,1
SEN,MOZ,0
SEN,MRT,1
SEN,MWI,0
SEN,NAM,0
SEN,NER,0
SEN,NGA,0
SEN,RWA,0
SEN,SDN,0
SEN,SEN,0
SEN,SLE,0
SEN,SOM,0
SEN,SSD,0
SEN,SWZ,0
SEN,TCD,0
SEN,TGO,0
SEN,TUN,0
SEN,TZA,0
SEN,UGA,0
SEN,ZAF,0
SEN,ZMB,0
SEN,ZWE,0
SLE,AGO,0
SLE,BDI,0
SLE,BEN,0
SLE,BFA,0
SLE,BWA,0
SLE,CAF,0
SLE,CIV,0
SLE,CMR,0
SLE,COD,0
SLE,COG,0
SLE,DJI,0
SLE,DZA,0
SLE,EGY,0
SLE,ERI,0
SLE,ESH,0
SLE,ETH,0
SLE,GAB,0
SLE,GHA,0
SLE,GIN,1
SLE,GMB,0
SLE,GNB,0
SLE,GNQ,0
SLE,KEN,0
SLE,LBR,1
SLE,LBY,0
SLE,LSO,0
SLE,MAR,0
SLE,MDG,0
SLE,MLI,0
SLE,MOZ,0
SLE,MRT,0
SLE,MWI,0
SLE,NAM,0
SLE,NER,0
SLE,NGA,0
SLE,RWA,0
SLE,SDN,0
SLE,SEN,0
SLE,SLE,0
SLE,SOM,0
SLE,SSD,0
SLE,SWZ,0
SLE,TCD,0
SLE,TGO,0
SLE,TUN,0
SLE,TZA,0
SLE,UGA,0
SLE,ZAF,0
SLE,ZMB,0
SLE,ZWE,0
SOM,AGO,0
SOM,BDI,0
SOM,BEN,0
SOM,BFA,0
SOM,BWA,0
SOM,CAF,0
SOM,CIV,0
SOM,CMR,0
SOM,COD,0
SOM,COG,0
SOM,DJI,1
SOM,DZA,0
SOM,EGY,0
SOM,ERI,0
SOM,ESH,0
SOM,ETH,1
SOM,GAB,0
SOM,GHA,0
SOM,GIN,0
SOM,GMB,0
SOM,GNB,0
SOM,GNQ,0
SOM,KEN,1
SOM,LBR,0
SOM,LBY,0
SOM,LSO,0
SOM,MAR,0
SOM,MDG,0
SOM,MLI,0
SOM,MOZ,0
SOM,MRT,0
SOM,MWI,0
SOM,NAM,0
SOM,NER,0
SOM,NGA,0
SOM,RWA,0
SOM,SDN,0
SOM,SEN,0
SOM,SLE,0
SOM,SOM,0
SOM,SSD,0
SOM,SWZ,0
SOM,TCD,0
SOM,TGO,0
SOM,TUN,0
SOM,TZA,0
SOM,UGA,0
SOM,ZAF,0
SOM,ZMB,0
SOM,ZWE,0
SSD,AGO,0
SSD,BDI,0
SSD,BEN,0
SSD,BFA,0
SSD,BWA,0
SSD,CAF,1
SSD,CIV,0
SSD,CMR,0
SSD,COD,1
SSD,COG,0
SSD,DJI,0
SSD,DZA,0
SSD,EGY,0
SSD,ERI,0
SSD,ESH,0
SSD,ETH,1
SSD,GAB,0
SSD,GHA,0
SSD,GIN,0
SSD,GMB,0
SSD,GNB,0
SSD,GNQ,0
SSD,KEN,1
SSD,LBR,0
SSD,LBY,0
SSD,LSO,0
SSD,MAR,0
SSD,MDG,0
SSD,MLI,0
SSD,MOZ,0
SSD,MRT,0
SSD,MWI,0
SSD,NAM,0
SSD,NER,0
SSD,NGA,0
SSD,RWA,0
SSD,SDN,1
SSD,SEN,0
SSD,SLE,0
SSD,SOM,0
SSD,SSD,0
SSD,SWZ,0
SSD,TCD,0
SSD,TGO,0
SSD,TUN,0
SSD,TZA,0
SSD,UGA,1
SSD,ZAF,0
SSD,ZMB,0
SSD,ZWE,0
SWZ,AGO,0
SWZ,BDI,0
SWZ,BEN,0
SWZ,BFA,0
SWZ,BWA,0
SWZ,CAF,0
SWZ,CIV,0
SWZ,CMR,0
SWZ,COD,0
SWZ,COG,0
SWZ,DJI,0
SWZ,DZA,0
SWZ,EGY,0
SWZ,ERI,0
SWZ,ESH,0
SWZ,ETH,0
SWZ,GAB,0
SWZ,GHA,0
SWZ,GIN,0
SWZ,GMB,0
SWZ,GNB,0
SWZ,GNQ,0
SWZ,KEN,0
SWZ,LBR,0
SWZ,LBY,0
SWZ,LSO,0
SWZ,MAR,0
SWZ,MDG,0
SWZ,MLI,0
SWZ,MOZ,1
SWZ,MRT,0
SWZ,MWI,0
SWZ,NAM,0
SWZ,NER,0
SWZ,NGA,0
SWZ,RWA,0
SWZ,SDN,0
SWZ,SEN,0
SWZ,SLE,0
SWZ,SOM,0
SWZ,SSD,0
SWZ,SWZ,0
SWZ,TCD,0
SWZ,TGO,0
SWZ,TUN,0
SWZ,TZA,0
SWZ,UGA,0
SWZ,ZAF,1
SWZ,ZMB,0
SWZ,ZWE,0
TCD,AGO,0
TCD,BDI,0
TCD,BEN,0
TCD,BFA,0
TCD,BWA,0
TCD,CAF,1
TCD,CIV,0
TCD,CMR,1
TCD,COD,0
TCD,COG,0
TCD,DJI,0
TCD,DZA,0
TCD,EGY,0
TCD,ERI,0
TCD,ESH,0
TCD,ETH,0
TCD,GAB,0
TCD,GHA,0
TCD,GIN,0
TCD,GMB,0
TCD,GNB,0
TCD,GNQ,0
TCD,KEN,0
TCD,LBR,0
TCD,LBY,1
TCD,LSO,0
TCD,MAR,0
TCD,MDG,0
TCD,MLI,0
TCD,MOZ,0
TCD,MRT,0
TCD,MWI,0
TCD,NAM,0
TCD,NER,1
TCD,NGA,1
TCD,RWA,0
TCD,SDN,1
TCD,SEN,0
TCD,SLE,0
TCD,SOM,0
TCD,SSD,0
TCD,SWZ,0
TCD,TCD,0
TCD,TGO,0
TCD,TUN,0
TCD,TZA,0
TCD,UGA,0
TCD,ZAF,0
TCD,ZMB,0
TCD,ZWE,0
TGO,AGO,0
TGO,BDI,0
TGO,BEN,1
TGO,BFA,1
TGO,BWA,0
TGO,CAF,0
TGO,CIV,0
TGO,CMR,0
TGO,COD,0
TGO,COG,0
TGO,DJI,0
TGO,DZA,0
TGO,EGY,0
TGO,ERI,0
TGO,ESH,0
TGO,ETH,0
TGO,GAB,0
TGO,GHA,1
TGO,GIN,0
TGO,GMB,0
TGO,GNB,0
TGO,GNQ,0
TGO,KEN,0
TGO,LBR,0
TGO,LBY,0
TGO,LSO,0
TGO,MAR,0
TGO,MDG,0
TGO,MLI,0
TGO,MOZ,0
TGO,MRT,0
TGO,MWI,0
TGO,NAM,0
TGO,NER,0
TGO,NGA,0
TGO,RWA,0
TGO,SDN,0
TGO,SEN,0
TGO,SLE,0
TGO,SOM,0
TGO,SSD,0
TGO,SWZ,0
TGO,TCD,0
TGO,TGO,0
TGO,TUN,0
TGO,TZA,0
TGO,UGA,0
TGO,ZAF,0
TGO,ZMB,0
TGO,ZWE,0
TUN,AGO,0
TUN,BDI,0
TUN,BEN,0
TUN,BFA,0
TUN,BWA,0
TUN,CAF,0
TUN,CIV,0
TUN,CMR,0
TUN,COD,0
TUN,COG,0
TUN,DJI,0
TUN,DZA,1
TUN,EGY,0
TUN,ERI,0
TUN,ESH,0
TUN,ETH,0
TUN,GAB,0
TUN,GHA,0
TUN,GIN,0
TUN,GMB,0
TUN,GNB,0
TUN,GNQ,0
TUN,KEN,0
TUN,LBR,0
TUN,LBY,1
TUN,LSO,0
TUN,MAR,0
TUN,MDG,0
TUN,MLI,0
TUN,MOZ,0
TUN,MRT,0
TUN,MWI,0
TUN,NAM,0
TUN,NER,0
TUN,NGA,0
TUN,RWA,0
TUN,SDN,0
TUN,SEN,0
TUN,SLE,0
TUN,SOM,0
TUN,SSD,0
TUN,SWZ,0
TUN,TCD,0
TUN,TGO,0
TUN,TUN,0
TUN,TZA,0
TUN,UGA,0
TUN,ZAF,0
TUN,ZMB,0
TUN,ZWE,0
TZA,AGO,0
TZA,BDI,1
TZA,BEN,0
TZA,BFA,0
TZA,BWA,0
TZA,CAF,0
TZA,CIV,0
TZA,CMR,0
TZA,COD,1
TZA,COG,0
TZA,DJI,0
TZA,DZA,0
TZA,EGY,0
TZA,ERI,0
TZA,ESH,0
TZA,ETH,0
TZA,GAB,0
TZA,GHA,0
TZA,GIN,0
TZA,GMB,0
TZA,GNB,0
TZA,GNQ,0
TZA,KEN,1
TZA,LBR,0
TZA,LBY,0
TZA,LSO,0
TZA,MAR,0
TZA,MDG,0
TZA,MLI,0
TZA,MOZ,1
TZA,MRT,0
TZA,MWI,1
TZA,NAM,0
TZA,NER,0
TZA,NGA,0
TZA,RWA,1
TZA,SDN,0
TZA,SEN,0
TZA,SLE,0
TZA,SOM,0
TZA,SSD,0
TZA,SWZ,0
TZA,TCD,0
TZA,TGO,0
TZA,TUN,0
TZA,TZA,0
TZA,UGA,1
TZA,ZAF,0
TZA,ZMB,1
TZA,ZWE,0
UGA,AGO,0
UGA,BDI,0
UGA,BEN,0
UGA,BFA,0
UGA,BWA,0
UGA,CAF,0
UGA,CIV,0
UGA,CMR,0
UGA,COD,1
UGA,COG,0
UGA,DJI,0
UGA,DZA,0
UGA,EGY,0
UGA,ERI,0
UGA,ESH,0
UGA,ETH,0
UGA,GAB,0
UGA,GHA,0
UGA,GIN,0
UGA,GMB,0
UGA,GNB,0
UGA,GNQ,0
UGA,KEN,1
UGA,LBR,0
UGA,LBY,0
UGA,LSO,0
UGA,MAR,0
UGA,MDG,0
UGA,MLI,0
UGA,MOZ,0
UGA,MRT,0
UGA,MWI,0
UGA,NAM,0
UGA,NER,0
UGA,NGA,0
UGA,RWA,1
UGA,SDN,0
UGA,SEN,0
UGA,SLE,0
UGA,SOM,0
UGA,SSD,1
UGA,SWZ,0
UGA,TCD,0
UGA,TGO,0
UGA,TUN,0
UGA,TZA,1
UGA,UGA,0
UGA,ZAF,0
UGA,ZMB,0
UGA,ZWE,0
ZAF,AGO,0
ZAF,BDI,0
ZAF,BEN,0
ZAF,BFA,0
ZAF,BWA,1
ZAF,CAF,0
ZAF,CIV,0
ZAF,CMR,0
ZAF,COD,0
ZAF,COG,0
ZAF,DJI,0
ZAF,DZA,0
ZAF,EGY,0
ZAF,ERI,0
ZAF,ESH,0
ZAF,ETH,0
ZAF,GAB,0
ZAF,GHA,0
ZAF,GIN,0
ZAF,GMB,0
ZAF,GNB,0
ZAF,GNQ,0
ZAF,KEN,0
ZAF,LBR,0
ZAF,LBY,0
ZAF,LSO,1
ZAF,MAR,0
ZAF,MDG,0
ZAF,MLI,0
ZAF,MOZ,1
ZAF,MRT,0
ZAF,MWI,0
ZAF,NAM,1
ZAF,NER,0
ZAF,NGA,0
ZAF,RWA,0
ZAF,SDN,0
ZAF,SEN,0
ZAF,SLE,0
ZAF,SOM,0
ZAF,SSD,0
ZAF,SWZ,1
ZAF,TCD,0
ZAF,TGO,0
ZAF,TUN,0
ZAF,TZA,0
ZAF,UGA,0
ZAF,ZAF,0
ZAF,ZMB,0
ZAF,ZWE,1
ZMB,AGO,1
ZMB,BDI,0
ZMB,BEN,0
ZMB,BFA,0
ZMB,BWA,1
ZMB,CAF,0
ZMB,CIV,0
ZMB,CMR,0
ZMB,COD,1
ZMB,COG,0
ZMB,DJI,0
ZMB,DZA,0
ZMB,EGY,0
ZMB,ERI,0
ZMB,ESH,0
ZMB,ETH,0
ZMB,GAB,0
ZMB,GHA,0
ZMB,GIN,0
ZMB,GMB,0
ZMB,GNB,0
ZMB,GNQ,0
ZMB,KEN,0
ZMB,LBR,0
ZMB,LBY,0
ZMB,LSO,0
ZMB,MAR,0
ZMB,MDG,0
ZMB,MLI,0
ZMB,MOZ,1
ZMB,MRT,0
ZMB,MWI,1
ZMB,NAM,1
ZMB,NER,0
ZMB,NGA,0
ZMB,RWA,0
ZMB,SDN,0
ZMB,SEN,0
ZMB,SLE,0
ZMB,SOM,0
ZMB,SSD,0
ZMB,SWZ,0
ZMB,TCD,0
ZMB,TGO,0
ZMB,TUN,0
ZMB,TZA,1
ZMB,UGA,0
ZMB,ZAF,0
ZMB,ZMB,0
ZMB,ZWE,1
ZWE,AGO,0
ZWE,BDI,0
ZWE,BEN,0
ZWE,BFA,0
ZWE,BWA,1
ZWE,CAF,0
ZWE,CIV,0
ZWE,CMR,0
ZWE,COD,0
ZWE,COG,0
ZWE,DJI,0
ZWE,DZA,0
ZWE,EGY,0
ZWE,ERI,0
ZWE,ESH,0
ZWE,ETH,0
ZWE,GAB,0
ZWE,GHA,0
ZWE,GIN,0
ZWE,GMB,0
ZWE,GNB,0
ZWE,GNQ,0
ZWE,KEN,0
ZWE,LBR,0
ZWE,LBY,0
ZWE,LSO,0
ZWE,MAR,0
ZWE,MDG,0
ZWE,MLI,0
ZWE,MOZ,1
ZWE,MRT,0
ZWE,MWI,0
ZWE,NAM,1
ZWE,NER,0
ZWE,NGA,0
ZWE,RWA,0
ZWE,SDN,0
ZWE,SEN,0
ZWE,SLE,0
ZWE,SOM,0
ZWE,SSD,0
ZWE,SWZ,0
ZWE,TCD,0
ZWE,TGO,0
ZWE,TUN,0
ZWE,TZA,0
ZWE,UGA,0
ZWE,ZAF,1
ZWE,ZMB,1
ZWE,ZWE,0
